 	psoriasis               	seboreic dermatitis     	lichen planus           	pityriasis rosea        	cronic dermatitis       	pityriasis rubra pilaris	
psoriasis               	86.92	1.81	10.06	0.00	0.60	0.60	
seboreic dermatitis     	7.93	78.66	0.00	9.15	3.05	1.22	
lichen planus           	27.98	1.46	68.37	0.00	0.24	1.95	
pityriasis rosea        	1.86	31.47	0.19	40.04	26.07	0.37	
cronic dermatitis       	3.91	14.06	1.56	10.16	69.53	0.78	
pityriasis rubra pilaris	4.82	0.00	0.00	0.00	1.20	93.98	
